platform,country,since,type,more_info,source
Discord,China,July 2018,complete,,https://en.wikipedia.org/wiki/Internet_censorship_in_China
Discord,Egypt,2022,partial,,https://en.wikipedia.org/wiki/Discord
Discord,North Korea,Forever,complete,,https://en.wikipedia.org/wiki/Internet_in_North_Korea
Discord,Russia,October 2024,complete,"Roskomnadzor blocked Discord in October 2024, citing violations of Russian law.",https://www.themoscowtimes.com/2024/10/09/russia-bans-messaging-platform-discord-a86618
Discord,Turkey,October 2024,complete,"An Ankara court blocked Discord in October 2024 over child-safety concerns. As of June 2026 it remains blocked — ministers say Discord has met compliance criteria, but a fresh court ruling is required to restore access.",https://www.turkiyetoday.com/business/turkiye-to-restore-discord-access-soon-minister-says-3221382
Discord,Turkmenistan,Forever,complete,,https://en.wikipedia.org/wiki/Internet_in_Turkmenistan
Discord,UAE,2020,partial,"Discord's voice and video features are blocked by major UAE ISPs under rules against unlicensed VoIP services; text chat generally works.",https://www.comparitech.com/blog/vpn-privacy/use-discord-uae/
Discord,UK,25/07/2025,age,"Discord rolled out UK age checks (face scan or ID) for sensitive content under the Online Safety Act in July 2025; a later breach at a third-party verification vendor exposed ID photos of about 70,000 users.",https://www.bleepingcomputer.com/news/security/uk-to-require-id-or-face-scan-before-you-can-make-social-media-accounts/
DuckDuckGo,China,September 2014,complete,,https://en.wikipedia.org/wiki/DuckDuckGo
DuckDuckGo,Indonesia,2024,complete,,https://en.wikipedia.org/wiki/DuckDuckGo
DuckDuckGo,North Korea,Forever,complete,,https://en.wikipedia.org/wiki/Internet_in_North_Korea
Facebook,Australia,10/12/2025,age,"Australia's under-16 social media ban took effect on 10 December 2025, requiring covered platforms to prevent under-16s from holding accounts. In June 2026 the government moved to double fines amid evidence children were bypassing the ban.",https://www.esafety.gov.au/about-us/industry-regulation/social-media-age-restrictions
Facebook,China,July 2009,complete,,https://en.wikipedia.org/wiki/Censorship_of_Facebook
Facebook,Iran,2009,complete,Facebook has been banned since the 2009 Presidential elections and the subsequent protests.,https://en.wikipedia.org/wiki/Censorship_of_Facebook
Facebook,Malaysia,01/06/2026,age,Malaysia's under-16 social media ban took effect on 1 June 2026. Platforms must verify users' ages and remove under-16 accounts or face fines of up to RM1 million.,https://www.malaymail.com/news/malaysia/2026/06/01/malaysias-under-16-social-media-rule-starts-today-what-parents-need-to-know/221674
Facebook,Myanmar,2021,complete,Facebook has been banned since the 2021 Military takeover.,https://en.wikipedia.org/wiki/Censorship_of_Facebook
Facebook,North Korea,Forever,complete,,https://en.wikipedia.org/wiki/Internet_in_North_Korea
Facebook,Russia,2022,complete,Facebook has been banned since the Russian Invasion of Ukraine. The Russian government has restricted or banned social media platforms since then.,https://en.wikipedia.org/wiki/List_of_websites_blocked_in_Russia
Facebook,Turkmenistan,2008,complete,,https://en.wikipedia.org/wiki/Internet_in_Turkmenistan
Google,China,2010,complete,,https://en.wikipedia.org/wiki/Internet_censorship_in_China
Google,North Korea,Always blocked,complete,,https://en.wikipedia.org/wiki/Internet_in_North_Korea
Instagram,Australia,10/12/2025,age,"Australia's under-16 social media ban took effect on 10 December 2025, requiring covered platforms to prevent under-16s from holding accounts. In June 2026 the government moved to double fines amid evidence children were bypassing the ban.",https://www.esafety.gov.au/about-us/industry-regulation/social-media-age-restrictions
Instagram,China,September 2014,complete,,https://en.wikipedia.org/wiki/Internet_censorship_in_China
Instagram,Iran,2018,complete,"Instagram has been blocked since 2018 apart from a brief easing from December 2024; access was cut again around the June 2025 conflict and, as of May 2026, is not under consideration for reinstatement.",https://www.aljazeera.com/news/2026/5/31/iran-reinstates-some-internet-access-but-restrictions-remain-for-most
Instagram,Malaysia,01/06/2026,age,Malaysia's under-16 social media ban took effect on 1 June 2026. Platforms must verify users' ages and remove under-16 accounts or face fines of up to RM1 million.,https://www.malaymail.com/news/malaysia/2026/06/01/malaysias-under-16-social-media-rule-starts-today-what-parents-need-to-know/221674
Instagram,North Korea,Forever,complete,,https://en.wikipedia.org/wiki/Internet_in_North_Korea
Instagram,Russia,March 2022,complete,"Since the Russian Invasion of Ukraine, Russia has banned Instagram.",https://en.wikipedia.org/wiki/List_of_websites_blocked_in_Russia
Instagram,Turkmenistan,Forever,complete,,https://en.wikipedia.org/wiki/Internet_in_Turkmenistan
LinkedIn,China,October 2021,complete,,https://en.wikipedia.org/wiki/LinkedIn
LinkedIn,North Korea,Forever,complete,,https://en.wikipedia.org/wiki/Internet_in_North_Korea
LinkedIn,Russia,November 2016,complete,,https://en.wikipedia.org/wiki/LinkedIn
LinkedIn,Turkmenistan,Forever,complete,,https://en.wikipedia.org/wiki/Internet_in_Turkmenistan
Netflix,China,Never allowed to operate,complete,,https://en.wikipedia.org/wiki/Netflix
Netflix,North Korea,Forever,complete,,https://en.wikipedia.org/wiki/Internet_in_North_Korea
Netflix,Russia,2022 (suspended operations),complete,,https://en.wikipedia.org/wiki/Netflix
Netflix,Syria,2016 (U.S. sanctions),complete,,https://en.wikipedia.org/wiki/Netflix
Reddit,Australia,10/12/2025,age,"Australia's under-16 social media ban took effect on 10 December 2025, requiring covered platforms to prevent under-16s from holding accounts. In June 2026 the government moved to double fines amid evidence children were bypassing the ban.",https://www.esafety.gov.au/about-us/industry-regulation/social-media-age-restrictions
Reddit,China,August 2018,complete,,https://en.wikipedia.org/wiki/Internet_censorship_in_China
Reddit,Indonesia,2014,complete,Reddit has been blocked in Indonesia since 2014 under anti-pornography rules.,https://en.wikipedia.org/wiki/Reddit
Reddit,North Korea,Forever,complete,,https://en.wikipedia.org/wiki/Internet_in_North_Korea
Reddit,Turkmenistan,Forever,complete,,https://en.wikipedia.org/wiki/Internet_in_Turkmenistan
Reddit,UK,14/07/2025,age,"Under the UK Online Safety Act, Reddit has required age verification for mature content since 14 July 2025, using selfie or ID checks run by a third-party provider.",https://www.eff.org/deeplinks/2025/08/americans-be-warned-lessons-reddits-chaotic-uk-age-verification-rollout
Signal,China,March 2021,complete,,https://en.wikipedia.org/wiki/Internet_censorship_in_China
Signal,Egypt,December 2016,complete,,https://en.wikipedia.org/wiki/Signal_(software)
Signal,Iran,January 2021,complete,,https://en.wikipedia.org/wiki/Internet_censorship_in_Iran
Signal,North Korea,Forever,complete,,https://en.wikipedia.org/wiki/Internet_in_North_Korea
Signal,Russia,August 2024,complete,"Roskomnadzor blocked Signal in August 2024, citing anti-terrorism legislation.",https://www.themoscowtimes.com/2024/08/09/russia-blocks-signal-messenger-for-violating-countrys-legislation-a85983
Signal,Turkmenistan,Forever,complete,,https://en.wikipedia.org/wiki/Internet_in_Turkmenistan
Snapchat,Australia,10/12/2025,age,"Australia's under-16 social media ban took effect on 10 December 2025, requiring covered platforms to prevent under-16s from holding accounts. In June 2026 the government moved to double fines amid evidence children were bypassing the ban.",https://www.esafety.gov.au/about-us/industry-regulation/social-media-age-restrictions
Snapchat,China,Never launched,complete,,https://en.wikipedia.org/wiki/Snapchat
Snapchat,North Korea,Forever,complete,,https://en.wikipedia.org/wiki/Internet_in_North_Korea
Snapchat,Russia,October 2025,complete,"Roskomnadzor blocked Snapchat in October 2025 (confirmed that December), accusing it of use for terrorist activity and fraud, as part of a wider crackdown on foreign platforms.",https://www.themoscowtimes.com/2025/12/04/roskomnadzor-confirms-its-blocking-snapchat-and-facetime-calls-a91336
Snapchat,Turkmenistan,Forever,complete,,https://en.wikipedia.org/wiki/Internet_in_Turkmenistan
Spotify,China,Never launched,complete,,https://en.wikipedia.org/wiki/Spotify
Spotify,North Korea,Forever,complete,,https://en.wikipedia.org/wiki/Internet_in_North_Korea
Spotify,Russia,April 2022,complete,Spotify fully suspended its service in Russia in April 2022 following the invasion of Ukraine.,https://en.wikipedia.org/wiki/Spotify
Spotify,UK,August 2025,age,"Spotify introduced facial age checks (via Yoti) for UK users in August 2025 to comply with the Online Safety Act, gating 18+ content such as explicit music videos.",https://www.computing.co.uk/news/2025/legislation-regulation/spotify-introduces-facial-age-checks-in-uk
Telegram,China,July 2015,complete,,https://en.wikipedia.org/wiki/Censorship_of_Telegram
Telegram,Cuba,13/07/2021,complete,The Cuban Government has decided to shut off access to Telegram ever since the 2021 anti-government protests.,https://en.wikipedia.org/wiki/Censorship_of_Telegram
Telegram,Iran,01/05/2018,complete,,https://en.wikipedia.org/wiki/Censorship_of_Telegram
Telegram,Kenya,November 2023,partial,"Kenya has repeatedly restricted Telegram during national KCSE exam periods (2023, 2024 and 2025) to curb exam-paper leaks, restoring access afterwards.",https://ooni.org/post/2025-kenya-blocked-telegram-kcse-exams/
Telegram,Nepal,18/07/2025,partial,"Nepal banned Telegram in July 2025 over fraud and money-laundering concerns. Most ISPs have quietly restored access, but the regulator says the restriction formally remains while Telegram completes local registration.",https://kathmandupost.com/science-technology/2025/08/27/telegram-moves-to-register-in-nepal-after-government-ban
Telegram,North Korea,Forever,complete,,https://en.wikipedia.org/wiki/Internet_in_North_Korea
Telegram,Pakistan,18/11/2017,complete,,https://en.wikipedia.org/wiki/Censorship_of_Telegram
Telegram,Russia,10/02/2026,complete,"After regional blocks in Chechnya and Dagestan and nationwide call restrictions from August 2025, Roskomnadzor moved to block Telegram outright on 10 February 2026, citing non-compliance with Russian law.",https://en.zona.media/article/2026/04/07/russian_internet_censorship_2026
Telegram,Somalia,20/08/2023,complete,,https://en.wikipedia.org/wiki/Censorship_of_Telegram
Telegram,Turkmenistan,Forever,complete,,https://en.wikipedia.org/wiki/Internet_in_Turkmenistan
Telegram,Vietnam,21/05/2025,complete,Vietnam banned Telegram in 2025 due to failures from Telegram to stop illegal activities.,https://en.wikipedia.org/wiki/Censorship_of_Telegram
TikTok,Afghanistan,2022,complete,,https://en.wikipedia.org/wiki/Censorship_of_TikTok
TikTok,Australia,10/12/2025,age,"Australia's under-16 social media ban took effect on 10 December 2025, requiring covered platforms to prevent under-16s from holding accounts. In June 2026 the government moved to double fines amid evidence children were bypassing the ban.",https://www.esafety.gov.au/about-us/industry-regulation/social-media-age-restrictions
TikTok,India,June 2020,complete,India blocked TikTok and a number of other Chinese apps in the wake of the 2020 Sino-Indian border skirmishes.,https://en.wikipedia.org/wiki/Censorship_of_TikTok
TikTok,Jordan,December 2022,complete,Jordan banned TikTok in December 2022 after a police officer was killed during protests; the ban remains in force pending compliance talks.,https://en.royanews.tv/news/63626/Government-source-clarifies-TikTok-ban-in-Jordan
TikTok,Kyrgyzstan,2024,complete,Kyrgyzstan blocked TikTok over content-moderation concerns; a February 2026 government proposal to lift the ban remains unresolved.,https://www.demandsage.com/tiktok-banned-countries/
TikTok,Malaysia,01/06/2026,age,Malaysia's under-16 social media ban took effect on 1 June 2026. Platforms must verify users' ages and remove under-16 accounts or face fines of up to RM1 million.,https://www.malaymail.com/news/malaysia/2026/06/01/malaysias-under-16-social-media-rule-starts-today-what-parents-need-to-know/221674
TikTok,North Korea,Forever,complete,,https://en.wikipedia.org/wiki/Internet_in_North_Korea
TikTok,Pakistan,Intermittent blocks,partial,,https://en.wikipedia.org/wiki/Censorship_of_TikTok
TikTok,Somalia,August 2023,partial,"Somalia ordered TikTok blocked in August 2023 over explicit content and extremism, but enforcement has been inconsistent.",https://en.wikipedia.org/wiki/Censorship_of_TikTok
TikTok,Turkmenistan,Forever,complete,,https://en.wikipedia.org/wiki/Internet_in_Turkmenistan
TikTok,Uzbekistan,July 2021,complete,TikTok has been blocked since 2021 under Uzbekistan's personal-data localisation law.,https://kun.uz/en/news/2025/10/31/banned-but-paying-taxes-tiktok-listed-among-uzbekistans-major-e-service-taxpayers
Twitch,Australia,10/12/2025,age,"Australia's under-16 social media ban took effect on 10 December 2025, requiring covered platforms to prevent under-16s from holding accounts. In June 2026 the government moved to double fines amid evidence children were bypassing the ban.",https://www.esafety.gov.au/about-us/industry-regulation/social-media-age-restrictions
Twitch,China,September 2018,complete,,https://en.wikipedia.org/wiki/Internet_censorship_in_China
Twitch,North Korea,Forever,complete,,https://en.wikipedia.org/wiki/Internet_in_North_Korea
Twitch,Russia,2024,partial,"Twitch is not formally blocked, but faces heavy state fines and has itself capped Russian users at 720p and ended monetisation, with reports it may exit the market.",https://leave-russia.org/twitch
Twitch,South Korea,2024,complete,Twitch left the South Korean market due to high costs.,https://en.wikipedia.org/wiki/Twitch_(service)
WhatsApp,China,September 2017,complete,,https://en.wikipedia.org/wiki/Internet_censorship_in_China
WhatsApp,Iran,June 2025,complete,"Iran briefly lifted its WhatsApp ban in December 2024, then cut access again amid the June 2025 conflict with Israel; as of May 2026 authorities say reinstatement is not under consideration.",https://www.aljazeera.com/news/2026/5/31/iran-reinstates-some-internet-access-but-restrictions-remain-for-most
WhatsApp,North Korea,2016,complete,,https://en.wikipedia.org/wiki/Internet_in_North_Korea
WhatsApp,Russia,11/02/2026,complete,"Russia blocked WhatsApp voice and video calls in August 2025, throttled the app nationwide from November, then fully blocked it on 11 February 2026 — pushing its roughly 100 million Russian users toward the state-run Max messenger.",https://www.cnn.com/2026/02/12/tech/russia-whatsapp-social-media-clampdown-intl
WhatsApp,Turkmenistan,Forever,complete,,https://en.wikipedia.org/wiki/Internet_in_Turkmenistan
WhatsApp,UAE,Longstanding,partial,"WhatsApp voice and video calls are blocked in the UAE, where unlicensed VoIP services are prohibited; messaging works normally.",https://roamless.com/blog/does-whatsapp-work-in-dubai
Wikipedia,China,April 2019 (all languages),complete,,https://en.wikipedia.org/wiki/Censorship_of_Wikipedia
Wikipedia,Myanmar,February 2021,complete,The military junta blocked Wikipedia in all languages following the February 2021 coup.,https://www.business-standard.com/article/international/myanmar-blocks-wikipedia-in-all-languages-internet-suspended-121022100112_1.html
Wikipedia,North Korea,Forever,complete,,https://en.wikipedia.org/wiki/Internet_in_North_Korea
Wikipedia,Russia,2022,partial,Wikipedia remains accessible in Russia but faces repeated fines and state pressure over war-related articles.,https://en.wikipedia.org/wiki/Censorship_of_Wikipedia
X (formerly Twitter),Australia,10/12/2025,age,"Australia's under-16 social media ban took effect on 10 December 2025, requiring covered platforms to prevent under-16s from holding accounts. In June 2026 the government moved to double fines amid evidence children were bypassing the ban.",https://www.esafety.gov.au/about-us/industry-regulation/social-media-age-restrictions
X (formerly Twitter),China,June 2009,complete,,https://en.wikipedia.org/wiki/Censorship_of_Twitter
X (formerly Twitter),Indonesia,January 2026,partial,Indonesia became the first country to block X's Grok chatbot in January 2026 over non-consensual sexualised deepfake images.,https://techcrunch.com/2026/01/11/indonesia-blocks-grok-over-non-consensual-sexualized-deepfakes/
X (formerly Twitter),Iran,2009,complete,,https://en.wikipedia.org/wiki/Censorship_of_Twitter
X (formerly Twitter),Malaysia,01/06/2026,age,Malaysia's under-16 social media ban took effect on 1 June 2026. Platforms must verify users' ages and remove under-16 accounts or face fines of up to RM1 million.,https://www.malaymail.com/news/malaysia/2026/06/01/malaysias-under-16-social-media-rule-starts-today-what-parents-need-to-know/221674
X (formerly Twitter),Malaysia,January 2026,partial,"Malaysia blocked X's Grok chatbot in January 2026 after it was used to generate non-consensual sexualised deepfake images, including of minors.",https://www.cnbc.com/2026/01/12/malaysia-indonesia-block-elon-musks-grok-obscene-non-consensual-content.html
X (formerly Twitter),Myanmar,2021,partial,X has been banned since the military takeover,https://en.wikipedia.org/wiki/Censorship_of_Twitter
X (formerly Twitter),North Korea,Forever,complete,,https://en.wikipedia.org/wiki/Internet_in_North_Korea
X (formerly Twitter),Russia,March 2022,complete,"Since the Russian Invasion of Ukraine, Russia has banned X.",https://en.wikipedia.org/wiki/Censorship_of_Twitter
X (formerly Twitter),Turkey,July 2025,partial,A Turkish court ordered blocks on content from X's Grok chatbot in July 2025 after it generated posts insulting President Erdogan.,https://balkaninsight.com/2025/07/09/turkish-court-orders-block-on-xs-grok-for-insulting-leaders/bi/
X (formerly Twitter),Turkmenistan,2008,complete,,https://en.wikipedia.org/wiki/Internet_in_Turkmenistan
X (formerly Twitter),UK,25/07/2025,age,"Under the UK Online Safety Act, X has required age assurance (face scan or ID) for adult content since 25 July 2025; unverified UK users have sensitive media filtered.",https://www.tomsguide.com/computing/vpns/here-are-6-sites-requiring-age-verification-will-you-be-affected
YouTube,Australia,10/12/2025,age,"Australia's under-16 social media ban took effect on 10 December 2025, requiring covered platforms to prevent under-16s from holding accounts. In June 2026 the government moved to double fines amid evidence children were bypassing the ban.",https://www.esafety.gov.au/about-us/industry-regulation/social-media-age-restrictions
YouTube,China,March 2009,complete,,https://en.wikipedia.org/wiki/Censorship_of_YouTube
YouTube,Eritrea,2017,complete,,https://en.wikipedia.org/wiki/Censorship_of_YouTube
YouTube,Iran,2012,complete,,https://en.wikipedia.org/wiki/Censorship_of_YouTube
YouTube,Malaysia,01/06/2026,age,Malaysia's under-16 social media ban took effect on 1 June 2026. Platforms must verify users' ages and remove under-16 accounts or face fines of up to RM1 million.,https://www.malaymail.com/news/malaysia/2026/06/01/malaysias-under-16-social-media-rule-starts-today-what-parents-need-to-know/221674
YouTube,North Korea,Forever,complete,,https://en.wikipedia.org/wiki/Internet_in_North_Korea
YouTube,Russia,12/02/2026,complete,"After throttling YouTube to near-unusable speeds since July 2024, Russia fully blocked it on 12 February 2026, removing it from the national DNS alongside WhatsApp as users are pushed to state-approved alternatives.",https://www.techradar.com/vpn/vpn-privacy-security/russia-is-using-dns-and-dpi-to-block-youtube-telegram-and-whatsapp-while-pushing-state-controlled-max-as-alternative
YouTube,Turkmenistan,2009,complete,,https://en.wikipedia.org/wiki/Internet_in_Turkmenistan
